[
    {
        "id":1,
        "title":"CBR1000RR SP2",
        "image":"https://hondamotor.vn/upload/hinhanh/cbr1000rr-sp24192.jpg",
        "description":"CBR1000RR SP2 chuẩn Phanh gấp, tăng tốc phản lực: Tăng tốc nhanh và phanh gấp đây là tất cả những gì quan trọng và cần thiết nhất một khi bạn muốn đi nhanh trên đường đua. Honda Fireblade CBR1000RR SP và CBR1000RR SP2, được trang bị hệ thống điều khiển điện tử (S-EC) và các thiết bị điện tử tiên tiến được thiết kế cho mục đích đua thắng các giải Moto GP: Với động cơ 4 xi lanh thẳng hàng tuyệt vời cho ra một âm thanh hét lên kinh tơn và được treo vào một bộ khung hợp kim nhôm siêu nhẹ.",
        "price":60000,
        "type":1
    },
    {
        "id":2,
        "title":"CBR650R",
        "image":"https://hondamotor.vn/upload/hinhanh/cbr650r488r.jpg",
        "description":"TƯƠNG LAI CỦA THỂ THAO HIỆN ĐẠI: CBR650R MỚI: Đối với một số ngườiđả lái moto một thời gian nhất định, một khi bạn đã trải nghiệm động cơ 4 xilanh thẳng hàng với âm thanhphấn khích, sẽ không quay trở lại các dòng động cơ thông thường. Đó là lý do tại sao chúng tôi rất thích chiếc Honda CBR650R mới đó là một chiếc sportbike thực sự được chế tạo cho phong cách chúng ta đi Moto ngày hôm nay.",
        "price":50000,
        "type":1
    },
    {
        "id":3,
        "title":"CB400SF 2020 Limited 400",
        "image":"https://hondamotor.vn/upload/hinhanh/honda-cb400sf-2020-limited-400-chiec638d.jpg",
        "description":"Honda CB400Sf 2020 màu bạc giới hạn 400 chiếc với màu sơn độc quyền rạng rỡ mờ cho ra một sự hiện diện yên tĩnh, với điểm nhấn sọc, biểu tượng ba chiều sang trọng của dòng CB400SF huyền thoại.",
        "price":20000,
        "type":1
    },
    {
        "id":4,
        "title":"KAWASAKI Z1000R ABS 2021",
        "image":"http://maxmoto.com.vn/wp-content/uploads/2019/11/Z1000R.jpg",
        "description":"KAWASAKI Z1000R ABS 2021: Vẻ ngoài hầm hố đã mang ngôn ngữ thiết kế Sugomi lên một tầm cao mới. Tất cả những chi tiết không cần thiết đều được lược bỏ để làm nổi bật vẻ đẹp vốn có của chiếc xe. Động cơ 1043cc sản sinh sức mạnh lớn, trong khi hệ khung gầm chắc chắn mang lại hiệu suất kiểm soát tuyệt vời cho người lái. Sự kết hợp giữa sức mạnh, hiệu năng và thiết kế đã đem đến sự phấn khích tột độ và không thể cưỡng lại.",
        "price":160000,
        "type":2
    },
    {
        "id":5,
        "title":"KAWASAKI ZX-25R SE 2021",
        "image":"http://maxmoto.com.vn/wp-content/uploads/2020/12/21ZX250G_370BK2DRF3CG_A-scaled.jpg",
        "description":"KAWASAKI ZX-25R SE 2021: Một ví dụ điển hình về Hiệu suất Huyền thoại từ các cỗ máy dòng Ninja ZX của Kawasaki, Siêu phẩm supersport 250 phân khối này chính là hiện thực của một giấc mơ được mong đợi từ lâu. Chính sự chính xác cao của khối động cơ 250 cm³ 4 xi-lanh thẳng hàng đã mang đến sức mạnh ở vòng tua cao, dẫn đầu phân khúc. Được trang bị hàng loạt các tính năng điện tử hiện đại cùng hệ thống khung gầm mới, Ninja ZX-25R mang lại hiệu suất vượt trội cho bất kỳ hành trình nào",
        "price":80000,
        "type":2
    },
    {
        "id":6,
        "title":"KAWASAKI NINJA 650 SE 2021",
        "image":"http://maxmoto.com.vn/wp-content/uploads/2021/01/3b7a7cd3-f736-49b0-89d6-9f1505e4cf4b.jpg",
        "description":"KAWASAKI NINJA 650 SE 2021: Được sinh ra để tiếp tục làm rạng danh dòng mô tô thể thao Ninja,  mẫu xe Kawasaki Ninja 650 mới mang trong mình động cơ 649cc khoẻ khoắn, cùng hàng loạt những công nghệ hiện đại và những thay đổi ấn tượng về thiết kế. Hiệu suất tuyệt vời của một chiếc mô tô thể thao kết hợp với tư thế lái thẳng mang lại sự thú vị cho những chuyến đi hàng ngày, trong khi dáng vẻ đỉnh cao của mẫu xe khiến nó trở nên như một huyền thoại.",
        "price":130000,
        "type":2 
    },
    {
        "id":7,
        "title":"Ducati Panigale V4 S",
        "image":"https://giaxe.2banh.vn/cache/dataupload/products/thumbs/266_204_1529485342-86024cad1e83101d97359d7351051156-365-1.png",
        "description":"Mẫu xe SuperBike Panigale V4 S thuộc phân khúc 1.000cc được xem là phiên bản thay thế 'người tiền nhiệm' Panigale 1299 của hãng Ducati vừa được giới thiệu chính thức tại Showroom Việt Nam vào trung tuần tháng 6 vừa qua. Ducati Panigale V4 S là mẫu xe đổi mới hoàn toàn của thời đại Panigale khi sở hữu khung sườn, động cơ và hàng loạt các công nghệ chỉ xuất hiện trên đường đua Moto GP.",
        "price":30000,
        "type":3
    },
    {
        "id":8,
        "title":"Ducati Streetfighter V4",
        "image":"https://giaxe.2banh.vn/cache/dataupload/products/thumbs/266_204_1595478998-86024cad1e83101d97359d7351051156-451-1.png",
        "description":"Vừa qua mẫu xe môtô Ducati Streetfighter V4 mới 2021 đã chính thức xuất hiện tại thị trường Việt Nam theo dạng nhập khẩu chính thức thông qua đại lý. Streetfighter V4 phiên bản mới nhất của hãng Ducati mang đến sự nổi bật trong diện mạo với thân xe và thiết kế cơ học đầy ấn tượng, vẻ ngoài sắc sảo hơn, động cơ đầy mạnh mẽ.",
        "price":70000,
        "type":3
    },
    {
        "id":9,
        "title":"Ducati Diavel 1260",
        "image":"https://giaxe.2banh.vn/cache/dataupload/products/thumbs/266_204_1570075123-86024cad1e83101d97359d7351051156-440-1.png",
        "description":"Tại thị trường Việt Nam, mẫu xe môtô Ducati Diavel 1260 đã chính thức được phân phối chính hãng thông qua hãng DUCATI Việt Nam với hai phiên bản Thể Thao Diavel 1260 S và phiên bản Tiêu Chuẩn. Ở thế hệ mới nhất Ducati Diavel 1260 mới nhất 2021 vẫn trung thành với phong cách thiết kế cực kỳ đặc biệt, một nét rất riêng trong dòng xe Cruiser. Chính vì điều này, mẫu xe cơ bắp của Ducati được đông đảo Biker trên toàn thế giới ưa chuộng, đặc biệt là ở thị trường châu Âu.",
        "price":75000,
        "type":3   
    }
]